trademark_registration,concession_date,expedient,date_of_presentation,denomination,class_id,products_services,holder_data,owner,residence,population,postal_code,nationality,country,trademark_type,image
1933760,11/10/2018,2074931,16/07/2018,ETNIA 52,30,null,null,null,null,null,02240,MX,MEXICO,1,null
1933761,11/10/2018,2074938,16/07/2018,OCIXEM,30,null,null,null,null,null,02240,MX,MEXICO,1,null
1933762,11/10/2018,2074951,16/07/2018,TOURIFY,9,null,null,null,null,null,22000,MX,MEXICO,1,null
1933763,11/10/2018,2074952,16/07/2018,TOURIFY,39,null,null,null,null,null,22000,MX,MEXICO,1,null
1933764,11/10/2018,2074954,16/07/2018,SOY TALENT,35,null,null,null,null,null,03100,MX,MEXICO,3,http://siga.impi.gob.mx/ImagenFichaServlet?param=ODA0ODA0Nw==
1933765,11/10/2018,2074959,16/07/2018,ALUPROJECTS,37,null,null,null,null,null,03920,MX,MEXICO,3,http://siga.impi.gob.mx/ImagenFichaServlet?param=ODA0ODA0OA==
1933766,11/10/2018,2074962,16/07/2018,TOURIFY,42,null,null,null,null,null,22000,MX,MEXICO,1,null
1933767,11/10/2018,2074967,16/07/2018,PANACEA,42,null,null,null,null,null,64780,MX,MEXICO,3,http://siga.impi.gob.mx/ImagenFichaServlet?param=ODA0ODA1MA==
1933768,11/10/2018,2074976,16/07/2018,TA2,3,null,null,null,null,null,52930,MX,MEXICO,3,http://siga.impi.gob.mx/ImagenFichaServlet?param=ODA0ODA1MQ==
1933769,11/10/2018,2075029,16/07/2018,MEXLIKE,25,null,null,null,null,null,55760,MX,MEXICO,3,http://siga.impi.gob.mx/ImagenFichaServlet?param=ODA0ODA1Mg==
1933770,11/10/2018,2075042,16/07/2018,P,36,null,null,null,null,null,92618,US,ESTADOS UNIDOS DE AMERICA,3,http://siga.impi.gob.mx/ImagenFichaServlet?param=ODA0ODA1Mw==
1933771,11/10/2018,2075046,16/07/2018,PURIQRO,32,null,null,null,null,null,76060,MX,MEXICO,1,null
1933772,11/10/2018,2075048,16/07/2018,P,43,null,null,null,null,null,92618,US,ESTADOS UNIDOS DE AMERICA,3,http://siga.impi.gob.mx/ImagenFichaServlet?param=ODA0ODA1NQ==
1933773,11/10/2018,2075054,16/07/2018,RENETT,3,null,null,null,null,null,52763,MX,MEXICO,1,null
1933774,11/10/2018,2075062,16/07/2018,TSHIRTS WASHES,40,null,null,null,null,null,06500,MX,MEXICO,3,http://siga.impi.gob.mx/ImagenFichaServlet?param=ODA0ODA1Nw==
1933775,11/10/2018,2075096,16/07/2018,DISIGNO STUDIO,35,null,null,null,null,null,83448,MX,MEXICO,3,http://siga.impi.gob.mx/ImagenFichaServlet?param=ODA0ODA1OA==
1933776,11/10/2018,2075097,16/07/2018,ANDRÉ BADI BEAUTY CARE,3,null,null,null,null,null,44500,MX,MEXICO,3,http://siga.impi.gob.mx/ImagenFichaServlet?param=ODA0ODA1OQ==
1933777,11/10/2018,2075103,16/07/2018,ANDRÉ BADI POUR HOMME,3,null,null,null,null,null,44500,MX,MEXICO,3,http://siga.impi.gob.mx/ImagenFichaServlet?param=ODA0ODA2MA==
1933778,11/10/2018,2075107,16/07/2018,ANDRÉ BADI CASA,3,null,null,null,null,null,44500,MX,MEXICO,3,http://siga.impi.gob.mx/ImagenFichaServlet?param=ODA0ODA2MQ==
1933779,11/10/2018,2075112,16/07/2018,COLMEX,7,null,null,null,null,null,55080,MX,MEXICO,3,http://siga.impi.gob.mx/ImagenFichaServlet?param=ODA0ODA2Mg==
1933780,11/10/2018,2075127,16/07/2018,ANDRÉ BADI CASA,11,null,null,null,null,null,44500,MX,MEXICO,3,http://siga.impi.gob.mx/ImagenFichaServlet?param=ODA0ODA2Mw==
1933781,11/10/2018,2075165,16/07/2018,SOPORTI,42,null,null,null,null,null,06400,MX,MEXICO,3,http://siga.impi.gob.mx/ImagenFichaServlet?param=ODA0ODA2NA==
1933782,11/10/2018,2075218,16/07/2018,COMFORTROOM LAVANDERIAS,37,null,null,null,null,null,76000,MX,MEXICO,3,http://siga.impi.gob.mx/ImagenFichaServlet?param=ODA0ODA2NQ==
1933783,11/10/2018,2075228,16/07/2018,UNIVERSO INFORMATIVO,38,null,null,null,null,null,72070,MX,MEXICO,1,null
1933784,11/10/2018,2075231,16/07/2018,LECHUGA ABOGADOS, S.C.,45,null,null,null,null,null,11560,MX,MEXICO,1,null
1933785,11/10/2018,2075233,16/07/2018,LA LECHUGA ABOGADOS,45,null,null,null,null,null,11560,MX,MEXICO,3,http://siga.impi.gob.mx/ImagenFichaServlet?param=ODA0ODA2OA==
1933786,11/10/2018,2078792,24/07/2018,COFFEEFY WORKAFE,43,null,null,null,null,null,89160,MX,MEXICO,3,http://siga.impi.gob.mx/ImagenFichaServlet?param=ODA0ODA2OQ==
1933787,11/10/2018,2078821,24/07/2018,SERVAI,35,null,null,null,null,null,48298,MX,MEXICO,3,http://siga.impi.gob.mx/ImagenFichaServlet?param=ODA0ODA3MA==
1934264,12/10/2018,1994783,27/06/2017,ZANZAN,9,null,null,null,null,null,SW17 9SH,GB,REINO UNIDO,1,null
1934265,12/10/2018,2004185,07/01/2018,GHOSTEK,35,null,null,null,null,null,NY 11220,US,ESTADOS UNIDOS DE AMERICA,1,null
1934266,12/10/2018,2004589,16/10/2017,TERRIER,7,null,null,null,null,null,NL-4338,NL,PAISES BAJOS,3,http://siga.impi.gob.mx/ImagenFichaServlet?param=ODA0ODA3Mw==
1934269,12/10/2018,2016531,06/02/2018,null,14,null,null,null,null,null,CA 95014,US,ESTADOS UNIDOS DE AMERICA,2,http://siga.impi.gob.mx/ImagenFichaServlet?param=ODA0ODA3NA==
1934270,12/10/2018,2016548,30/01/2018,R,5,null,null,null,null,null,I-50131,IT,ITALIA,3,http://siga.impi.gob.mx/ImagenFichaServlet?param=ODA0ODA3NQ==
1934271,12/10/2018,2016796,31/10/2017,SALESFORCE,35,null,null,null,null,null,CA 94105,US,ESTADOS UNIDOS DE AMERICA,3,http://siga.impi.gob.mx/ImagenFichaServlet?param=ODA0ODA3Ng==
1934272,12/10/2018,2016797,31/10/2017,SALESFORCE,42,null,null,null,null,null,CA 94105,US,ESTADOS UNIDOS DE AMERICA,3,http://siga.impi.gob.mx/ImagenFichaServlet?param=ODA0ODA3Nw==
1934273,12/10/2018,2016804,27/10/2017,ARTIMPIANTI,7,null,null,null,null,null,null,IT,ITALIA,3,http://siga.impi.gob.mx/ImagenFichaServlet?param=ODA0ODA3OA==
1935018,16/10/2018,1956733,09/10/2017,TRISA,3,null,null,null,null,null,6234,CH,SUIZA,1,null
1935019,16/10/2018,1971820,10/11/2017,ZOEVA,3,null,null,null,null,null,60437,DE,ALEMANIA,1,null
1935020,16/10/2018,1971831,10/11/2017,ZOEVA,21,null,null,null,null,null,60437,DE,ALEMANIA,1,null
1935021,16/10/2018,1973206,15/11/2017,SUPREMO EL FESTIVAL INDOMABLE,35,null,null,null,null,null,64000,MX,MEXICO,1,null
1935022,16/10/2018,1973208,15/11/2017,SUPREMO EL FESTIVAL INDOMABLE,41,null,null,null,null,null,64000,MX,MEXICO,1,null
1935023,16/10/2018,1979433,30/11/2017,NEFALGIC,5,null,null,null,null,null,94250,FR,FRANCIA,1,null
1935024,16/10/2018,1982019,05/12/2017,POL & NOL FRANCE,25,null,null,null,null,null,37178,FR,MEXICO,3,http://siga.impi.gob.mx/ImagenFichaServlet?param=ODA0ODA4NQ==
1935025,16/10/2018,1982022,05/12/2017,POL & NOL FRANCE,18,null,null,null,null,null,37178,FR,MEXICO,3,http://siga.impi.gob.mx/ImagenFichaServlet?param=ODA0ODA4Ng==
1935026,16/10/2018,1986134,14/12/2017,KNX KNICKS GAMING,41,null,null,null,null,null,10022,US,ESTADOS UNIDOS DE AMERICA,3,http://siga.impi.gob.mx/ImagenFichaServlet?param=ODA0ODA4Nw==
1935027,16/10/2018,1987460,15/12/2017,ZARES DEL UNIVERSO,35,null,null,null,null,null,06140,MX,MEXICO,3,http://siga.impi.gob.mx/ImagenFichaServlet?param=ODA0ODA4OA==
1935028,16/10/2018,1987461,15/12/2017,ZARES DEL UNIVERSO,41,null,null,null,null,null,06140,MX,MEXICO,3,http://siga.impi.gob.mx/ImagenFichaServlet?param=ODA0ODA4OQ==
1935029,16/10/2018,1988514,19/12/2017,GRUPO ALFIL,36,null,null,null,null,null,54800,MX,MEXICO,3,http://siga.impi.gob.mx/ImagenFichaServlet?param=ODA0ODA5MA==
1935576,16/10/2018,2008462,12/02/2018,TIKÚ ARTE CON AMOR,35,null,null,null,null,null,94294,MX,MEXICO,3,http://siga.impi.gob.mx/ImagenFichaServlet?param=ODA0ODA5MQ==
1935578,16/10/2018,2069858,04/07/2018,YOU CAN ALWAYS BE MYSELF AROUND,25,null,null,null,null,null,37260,MX,MEXICO,5,http://siga.impi.gob.mx/ImagenFichaServlet?param=ODA0ODA5Mg==
1935580,16/10/2018,2072389,10/07/2018,CUALITATOK,35,null,null,null,null,null,72760,MX,MEXICO,1,null
1935581,16/10/2018,2072425,29/06/2018,DISTRIBUIDORA DE CARNES DE LA TORRE,35,null,null,null,null,null,28048,MX,MEXICO,3,http://siga.impi.gob.mx/ImagenFichaServlet?param=ODA0ODA5NA==
1935582,16/10/2018,2072450,10/07/2018,BITÁEZ,44,null,null,null,null,null,81200,MX,MEXICO,3,http://siga.impi.gob.mx/ImagenFichaServlet?param=ODA0ODA5NQ==
1935583,16/10/2018,2072452,10/07/2018,ABRAZOS QUE EMPODERAN,44,null,null,null,null,null,45140,MX,MEXICO,3,http://siga.impi.gob.mx/ImagenFichaServlet?param=ODA0ODA5Ng==
1935584,16/10/2018,2072456,10/07/2018,2GOGEEKS,35,null,null,null,null,null,97113,MX,MEXICO,1,null
1935585,16/10/2018,2072488,10/07/2018,RM RECLUTADORES MÉXICO,45,null,null,null,null,null,37160,MX,MEXICO,3,http://siga.impi.gob.mx/ImagenFichaServlet?param=ODA0ODA5OA==
1935586,16/10/2018,2072501,02/07/2018,DIANAORGANIC,35,null,null,null,null,null,87440,MX,MEXICO,3,http://siga.impi.gob.mx/ImagenFichaServlet?param=ODA0ODA5OQ==
1935587,16/10/2018,2072814,11/07/2018,INOX SUN,11,null,null,null,null,null,58200,MX,MEXICO,3,http://siga.impi.gob.mx/ImagenFichaServlet?param=ODA0ODEwMA==
1935588,16/10/2018,2072853,11/07/2018,ESTACIÓN CAFÉ,11,null,null,null,null,null,83165,MX,MEXICO,3,http://siga.impi.gob.mx/ImagenFichaServlet?param=ODA0ODEwMQ==
1935590,16/10/2018,2072901,11/07/2018,AMICSA,42,null,null,null,null,null,52044,MX,MEXICO,3,http://siga.impi.gob.mx/ImagenFichaServlet?param=ODA0ODEwMg==
1935591,16/10/2018,2072925,11/07/2018,GRANFLOW 25,5,null,null,null,null,null,44940,MX,MEXICO,1,null
1935592,16/10/2018,2072979,11/07/2018,null,35,null,null,null,null,null,05320,MX,MEXICO,2,http://siga.impi.gob.mx/ImagenFichaServlet?param=ODA0ODEwNA==
1935593,16/10/2018,2072981,11/07/2018,null,42,null,null,null,null,null,05320,MX,MEXICO,2,http://siga.impi.gob.mx/ImagenFichaServlet?param=ODA0ODEwNQ==
1935594,16/10/2018,2072983,11/07/2018,CORU,36,null,null,null,null,null,11520,MX,MEXICO,3,http://siga.impi.gob.mx/ImagenFichaServlet?param=ODA0ODEwNg==
1935595,16/10/2018,2072991,11/07/2018,MARVA,43,null,null,null,null,null,11560,MX,MEXICO,3,http://siga.impi.gob.mx/ImagenFichaServlet?param=ODA0ODEwNw==
1935596,16/10/2018,2075474,17/07/2018,EDES,9,null,null,null,null,null,11560,VE,MEXICO,1,null
1935597,16/10/2018,2075505,17/07/2018,FILOMENA EL AMOR EN TUS MANOS,28,null,null,null,null,null,91919,MX,MEXICO,3,http://siga.impi.gob.mx/ImagenFichaServlet?param=ODA0ODEwOQ==
1935598,16/10/2018,2075508,17/07/2018,GRUVER CONEXIÓN,39,null,null,null,null,null,91910,MX,MEXICO,3,http://siga.impi.gob.mx/ImagenFichaServlet?param=ODA0ODExMA==
1935599,16/10/2018,2075511,17/07/2018,GRUVER CONEXIÓN,45,null,null,null,null,null,91910,MX,MEXICO,3,http://siga.impi.gob.mx/ImagenFichaServlet?param=ODA0ODExMQ==
1935600,16/10/2018,2075534,17/07/2018,CANTERA,35,null,null,null,null,null,52787,MX,MEXICO,3,http://siga.impi.gob.mx/ImagenFichaServlet?param=ODA0ODExMg==
1935601,16/10/2018,2075548,17/07/2018,CS55,12,null,null,null,null,null,null,CN,CHINA,3,http://siga.impi.gob.mx/ImagenFichaServlet?param=ODA0ODExMw==
1935602,16/10/2018,2075574,17/07/2018,SUMO BOWL AND SAKE BAR,43,null,null,null,null,null,11700,MX,MEXICO,1,null
1935603,16/10/2018,2075579,17/07/2018,POINTZ,36,null,null,null,null,null,050021,CO,COLOMBIA,3,http://siga.impi.gob.mx/ImagenFichaServlet?param=ODA0ODExNQ==
1935604,16/10/2018,2075613,17/07/2018,BHOO GAZAJ,4,null,null,null,null,null,57300,MX,MEXICO,7,http://siga.impi.gob.mx/ImagenFichaServlet?param=ODA0ODExNg==
1935639,16/10/2018,2076010,18/07/2018,TIVEN´CH,25,null,null,null,null,null,37590,CN,MEXICO,3,http://siga.impi.gob.mx/ImagenFichaServlet?param=ODA0ODExNw==
1935640,16/10/2018,2076011,18/07/2018,TIVEN´CH,14,null,null,null,null,null,37590,CN,MEXICO,3,http://siga.impi.gob.mx/ImagenFichaServlet?param=ODA0ODExOA==
1935659,16/10/2018,2077684,20/07/2018,GENETI,30,null,null,null,null,null,11529,MX,MEXICO,1,null
1935660,16/10/2018,2077687,20/07/2018,GENETI NATURE,30,null,null,null,null,null,11529,MX,MEXICO,1,null
1935677,16/10/2018,2081463,30/07/2018,FC SOPHIA & CO,25,null,null,null,null,null,45430,MX,MEXICO,1,null
1935678,16/10/2018,2081486,30/07/2018,EL FOGONERO,43,null,null,null,null,null,65550,MX,MEXICO,1,null
1935679,16/10/2018,2081487,30/07/2018,ELLEKIA,14,null,null,null,null,null,72197,MX,MEXICO,1,null
1935759,17/10/2018,2010552,16/02/2018,FACEBOOK,36,null,null,null,null,null,94025,US,ESTADOS UNIDOS DE AMERICA,3,http://siga.impi.gob.mx/ImagenFichaServlet?param=ODA0ODEyNA==
1935760,17/10/2018,2010553,16/02/2018,FACEBOOK,38,null,null,null,null,null,94025,US,ESTADOS UNIDOS DE AMERICA,3,http://siga.impi.gob.mx/ImagenFichaServlet?param=ODA0ODEyNQ==
1935761,17/10/2018,2014962,12/02/2018,LIFEPACK,16,null,null,null,null,null,44530,MX,MEXICO,3,http://siga.impi.gob.mx/ImagenFichaServlet?param=ODA0ODEyNg==
1935804,17/10/2018,2078001,20/07/2018,CAREMI & HEALTH,35,null,null,null,null,null,08220,MX,MEXICO,3,http://siga.impi.gob.mx/ImagenFichaServlet?param=ODA0ODEyNw==
1935805,17/10/2018,2078002,20/07/2018,CAREMI & HEALTH,44,null,null,null,null,null,08220,MX,MEXICO,3,http://siga.impi.gob.mx/ImagenFichaServlet?param=ODA0ODEyOA==
1935806,17/10/2018,2078011,20/07/2018,APBITZ,29,null,null,null,null,null,V0H1Z0,CA,CANADA,1,null
1935807,17/10/2018,2078029,20/07/2018,ARROWG+ARD BLUE ADVANCE,10,null,null,null,null,null,19808,US,ESTADOS UNIDOS DE AMERICA,3,http://siga.impi.gob.mx/ImagenFichaServlet?param=ODA0ODEzMA==
1935808,17/10/2018,2078033,20/07/2018,FSE FEMALE SAFE ENVIRONMENTS,35,null,null,null,null,null,10900,MX,MEXICO,3,http://siga.impi.gob.mx/ImagenFichaServlet?param=ODA0ODEzMQ==
1935809,17/10/2018,2078034,20/07/2018,HER SAFE PLACE HSP,35,null,null,null,null,null,10900,MX,MEXICO,3,http://siga.impi.gob.mx/ImagenFichaServlet?param=ODA0ODEzMg==
1935810,17/10/2018,2078041,20/07/2018,NARETIA,5,null,null,null,null,null,44490,MX,MEXICO,1,null
1935811,17/10/2018,2078048,20/07/2018,ZARAGOZA VERDE,40,null,null,null,null,null,32685,MX,MEXICO,3,http://siga.impi.gob.mx/ImagenFichaServlet?param=ODA0ODEzNA==
1935812,17/10/2018,2078054,20/07/2018,CONVENTION CENTER GROUP POWERED BY EVENT MASTER,41,null,null,null,null,null,52172,MX,MEXICO,3,http://siga.impi.gob.mx/ImagenFichaServlet?param=ODA0ODEzNQ==
1935813,17/10/2018,2078058,20/07/2018,CEREBRO,18,null,null,null,null,null,11590,MX,MEXICO,3,http://siga.impi.gob.mx/ImagenFichaServlet?param=ODA0ODEzNg==
1935814,17/10/2018,2078059,20/07/2018,CEREBRO,28,null,null,null,null,null,11590,MX,MEXICO,3,http://siga.impi.gob.mx/ImagenFichaServlet?param=ODA0ODEzNw==
1935815,17/10/2018,2078086,20/07/2018,ECOLIVER BY LIVERPOOL,3,null,null,null,null,null,05348,MX,MEXICO,3,http://siga.impi.gob.mx/ImagenFichaServlet?param=ODA0ODEzOA==
1935816,17/10/2018,2078089,20/07/2018,ECOLIVER BY LIVERPOOL,5,null,null,null,null,null,05348,MX,MEXICO,3,http://siga.impi.gob.mx/ImagenFichaServlet?param=ODA0ODEzOQ==
1935817,17/10/2018,2078098,20/07/2018,ECOLIVER BY LIVERPOOL,16,null,null,null,null,null,05348,MX,MEXICO,3,http://siga.impi.gob.mx/ImagenFichaServlet?param=ODA0ODE0MA==
1935818,17/10/2018,2078101,20/07/2018,ECOLIVER BY LIVERPOOL,20,null,null,null,null,null,05348,MX,MEXICO,3,http://siga.impi.gob.mx/ImagenFichaServlet?param=ODA0ODE0MQ==
1935819,17/10/2018,2078104,20/07/2018,ECOLIVER BY LIVERPOOL,21,null,null,null,null,null,05348,MX,MEXICO,3,http://siga.impi.gob.mx/ImagenFichaServlet?param=ODA0ODE0Mg==
1935820,17/10/2018,2078107,20/07/2018,ECOLIVER BY LIVERPOOL,25,null,null,null,null,null,05348,MX,MEXICO,3,http://siga.impi.gob.mx/ImagenFichaServlet?param=ODA0ODE0Mw==
1935821,17/10/2018,2078110,20/07/2018,ECOLIVER BY LIVERPOOL,26,null,null,null,null,null,05348,MX,MEXICO,3,http://siga.impi.gob.mx/ImagenFichaServlet?param=ODA0ODE0NA==
1935822,17/10/2018,2078112,20/07/2018,ECOLIVER BY LIVERPOOL,30,null,null,null,null,null,05348,MX,MEXICO,3,http://siga.impi.gob.mx/ImagenFichaServlet?param=ODA0ODE0NQ==
1935823,17/10/2018,2078120,20/07/2018,L LIEB,26,null,null,null,null,null,05348,MX,MEXICO,3,http://siga.impi.gob.mx/ImagenFichaServlet?param=ODA0ODE0Ng==
1935824,17/10/2018,2078122,20/07/2018,L LIEB,16,null,null,null,null,null,05348,MX,MEXICO,3,http://siga.impi.gob.mx/ImagenFichaServlet?param=ODA0ODE0Nw==
1935825,17/10/2018,2078127,20/07/2018,AZZORTI,16,null,null,null,null,null,null,CO,COLOMBIA,3,http://siga.impi.gob.mx/ImagenFichaServlet?param=ODA0ODE0OA==
1935826,17/10/2018,2078132,20/07/2018,BN IESCH,41,null,null,null,null,null,29000,MX,MEXICO,3,http://siga.impi.gob.mx/ImagenFichaServlet?param=ODA0ODE0OQ==
1935827,17/10/2018,2078135,20/07/2018,1IRON TRENDY,25,null,null,null,null,null,80060,MX,MEXICO,3,http://siga.impi.gob.mx/ImagenFichaServlet?param=ODA0ODE1MA==
1935828,17/10/2018,2078137,20/07/2018,MÍSTICA REAL,45,null,null,null,null,null,52158,MX,MEXICO,3,http://siga.impi.gob.mx/ImagenFichaServlet?param=ODA0ODE1MQ==
1935829,17/10/2018,2078142,20/07/2018,null,29,null,null,null,null,null,53100,MX,MEXICO,2,http://siga.impi.gob.mx/ImagenFichaServlet?param=ODA0ODE1Mg==
1935830,17/10/2018,2078144,20/07/2018,MA&MA,41,null,null,null,null,null,04120,MX,MEXICO,3,http://siga.impi.gob.mx/ImagenFichaServlet?param=ODA0ODE1Mw==
1935831,17/10/2018,2078145,20/07/2018,POLYPROFILE,17,null,null,null,null,null,05320,MX,MEXICO,1,null
1935832,17/10/2018,2078148,20/07/2018,MINIROLL,17,null,null,null,null,null,05320,MX,MEXICO,1,null
1935833,17/10/2018,2078149,20/07/2018,SOMBRERITO MX,25,null,null,null,null,null,10000,MX,MEXICO,3,http://siga.impi.gob.mx/ImagenFichaServlet?param=ODA0ODE1Ng==
1935834,17/10/2018,2078150,20/07/2018,POLYMAILER,17,null,null,null,null,null,05320,MX,MEXICO,1,null
1935835,17/10/2018,2078159,20/07/2018,SERIS RETAIL HOLDINGS,36,null,null,null,null,null,11000,MX,MEXICO,1,null
1935842,17/10/2018,2082698,01/08/2018,DOTERRA,3,null,null,null,null,null,84062,US,ESTADOS UNIDOS DE AMERICA,3,http://siga.impi.gob.mx/ImagenFichaServlet?param=ODA0ODE1OQ==
1935848,17/10/2018,2083527,03/08/2018,OFFICE SCHOOL,14,null,null,null,null,null,11529,MX,MEXICO,3,http://siga.impi.gob.mx/ImagenFichaServlet?param=ODA0ODE2MA==
1935849,17/10/2018,2083528,03/08/2018,OFFICE SCHOOL,18,null,null,null,null,null,11529,MX,MEXICO,3,http://siga.impi.gob.mx/ImagenFichaServlet?param=ODA0ODE2MQ==
1935850,17/10/2018,2083529,03/08/2018,OFFICE COOL,9,null,null,null,null,null,11529,MX,MEXICO,3,http://siga.impi.gob.mx/ImagenFichaServlet?param=ODA0ODE2Mg==
1935851,17/10/2018,2083530,03/08/2018,OFFICE COOL,14,null,null,null,null,null,11529,MX,MEXICO,3,http://siga.impi.gob.mx/ImagenFichaServlet?param=ODA0ODE2Mw==
1935852,17/10/2018,2083531,03/08/2018,OFFICE COOL,18,null,null,null,null,null,11529,MX,MEXICO,3,http://siga.impi.gob.mx/ImagenFichaServlet?param=ODA0ODE2NA==
1935853,17/10/2018,2083546,03/08/2018,UEN,39,null,null,null,null,null,83190,MX,MEXICO,3,http://siga.impi.gob.mx/ImagenFichaServlet?param=ODA0ODE2NQ==
1935854,17/10/2018,2083548,03/08/2018,UEN,35,null,null,null,null,null,83190,MX,MEXICO,3,http://siga.impi.gob.mx/ImagenFichaServlet?param=ODA0ODE2Ng==
1935855,17/10/2018,2083549,03/08/2018,UEN,37,null,null,null,null,null,83190,MX,MEXICO,3,http://siga.impi.gob.mx/ImagenFichaServlet?param=ODA0ODE2Nw==
1935856,17/10/2018,2083550,03/08/2018,DECORANDO ANDO,35,null,null,null,null,null,03800,MX,MEXICO,3,http://siga.impi.gob.mx/ImagenFichaServlet?param=ODA0ODE2OA==
1935878,17/10/2018,2058788,07/06/2018,null,25,null,null,null,null,null,50070,MX,MEXICO,2,http://siga.impi.gob.mx/ImagenFichaServlet?param=ODA0ODE2OQ==
1935879,17/10/2018,2058790,07/06/2018,VAN VIEN,25,null,null,null,null,null,50070,MX,MEXICO,3,http://siga.impi.gob.mx/ImagenFichaServlet?param=ODA0ODE3MA==
1935880,17/10/2018,2058795,07/06/2018,RESIDENCIAL ENEA,42,null,null,null,null,null,05120,MX,MEXICO,1,null
1935881,17/10/2018,2058798,07/06/2018,RESIDENCIAL ENEA,36,null,null,null,null,null,05120,MX,MEXICO,1,null
1935882,17/10/2018,2058823,07/06/2018,CDI CONSULTA DINÁMICA INMOBILIARIA,9,null,null,null,null,null,14210,MX,MEXICO,3,http://siga.impi.gob.mx/ImagenFichaServlet?param=ODA0ODE3Mw==
1935883,17/10/2018,2058824,07/06/2018,CDI CONSULTA DINÁMICA INMOBILIARIA,9,null,null,null,null,null,14210,MX,MEXICO,3,http://siga.impi.gob.mx/ImagenFichaServlet?param=ODA0ODE3NA==
1935884,17/10/2018,2058828,07/06/2018,ELB ESCUELA DE LAS LEYES BIOLOGICAS,41,null,null,null,null,null,44300,MX,MEXICO,1,null
1935885,17/10/2018,2058830,07/06/2018,E5LB ESCUELA DE LAS 5 LEYES BIOLOGICAS,41,null,null,null,null,null,44300,MX,MEXICO,1,null
1935886,17/10/2018,2058840,07/06/2018,R(SP)2,41,null,null,null,null,null,14000,MX,MEXICO,3,http://siga.impi.gob.mx/ImagenFichaServlet?param=ODA0ODE3Nw==
1935887,17/10/2018,2058845,07/06/2018,COLOMBIANAS SALSA ALL STAR BY ALBERTO BARROS,41,null,null,null,null,null,33196,CO,ESTADOS UNIDOS DE AMERICA,1,null
1935888,17/10/2018,2058854,07/06/2018,null,24,null,null,null,null,null,06170,MX,MEXICO,2,http://siga.impi.gob.mx/ImagenFichaServlet?param=ODA0ODE3OQ==
1935889,17/10/2018,2058861,07/06/2018,SEMASSANA,44,null,null,null,null,null,52785,MX,MEXICO,3,http://siga.impi.gob.mx/ImagenFichaServlet?param=ODA0ODE4MA==
1935890,17/10/2018,2058865,07/06/2018,BENSI,28,null,null,null,null,null,52763,MX,MEXICO,3,http://siga.impi.gob.mx/ImagenFichaServlet?param=ODA0ODE4MQ==
1935891,17/10/2018,2058868,07/06/2018,SESANA,44,null,null,null,null,null,52785,MX,MEXICO,3,http://siga.impi.gob.mx/ImagenFichaServlet?param=ODA0ODE4Mg==
1935892,17/10/2018,2058871,07/06/2018,VALAM MX,11,null,null,null,null,null,06000,MX,MEXICO,3,http://siga.impi.gob.mx/ImagenFichaServlet?param=ODA0ODE4Mw==
1935893,17/10/2018,2058873,07/06/2018,THANKYOU,29,null,null,null,null,null,07054-3707,US,ESTADOS UNIDOS DE AMERICA,1,null
1935894,17/10/2018,2058879,07/06/2018,null,45,null,null,null,null,null,94025,US,ESTADOS UNIDOS DE AMERICA,2,http://siga.impi.gob.mx/ImagenFichaServlet?param=ODA0ODE4NQ==
1935895,17/10/2018,2058888,07/06/2018,NULANTYL,5,null,null,null,null,null,50200,MX,MEXICO,1,null
1935896,17/10/2018,2058890,07/06/2018,ACALPY,5,null,null,null,null,null,50200,MX,MEXICO,1,null
1935897,17/10/2018,2058895,07/06/2018,VIDA MEDICA,35,null,null,null,null,null,11470,MX,MEXICO,3,http://siga.impi.gob.mx/ImagenFichaServlet?param=ODA0ODE4OA==
1935898,17/10/2018,2058896,07/06/2018,STMX MG GROUP,35,null,null,null,null,null,22000,MX,MEXICO,3,http://siga.impi.gob.mx/ImagenFichaServlet?param=ODA0ODE4OQ==
1935899,17/10/2018,2058897,07/06/2018,HYDRAVISAGE,3,null,null,null,null,null,54760,MX,MEXICO,3,http://siga.impi.gob.mx/ImagenFichaServlet?param=ODA0ODE5MA==
1935900,17/10/2018,2058898,07/06/2018,STMX MG GROUP,37,null,null,null,null,null,22000,MX,MEXICO,3,http://siga.impi.gob.mx/ImagenFichaServlet?param=ODA0ODE5MQ==
1935901,17/10/2018,2058899,07/06/2018,STMX MG GROUP,44,null,null,null,null,null,22000,MX,MEXICO,3,http://siga.impi.gob.mx/ImagenFichaServlet?param=ODA0ODE5Mg==
1935902,17/10/2018,2058904,07/06/2018,FIESTAS TOYS .,43,null,null,null,null,null,07300,MX,MEXICO,3,http://siga.impi.gob.mx/ImagenFichaServlet?param=ODA0ODE5Mw==
1935903,17/10/2018,2058912,07/06/2018,M,21,null,null,null,null,null,153-773,KR,REPUBLICA DE COREA,3,http://siga.impi.gob.mx/ImagenFichaServlet?param=ODA0ODE5NA==
1935904,17/10/2018,2058913,07/06/2018,MISSHA,3,null,null,null,null,null,153-773,KR,REPUBLICA DE COREA,3,http://siga.impi.gob.mx/ImagenFichaServlet?param=ODA0ODE5NQ==
1935905,17/10/2018,2058914,07/06/2018,MISSHA,21,null,null,null,null,null,153-773,KR,REPUBLICA DE COREA,3,http://siga.impi.gob.mx/ImagenFichaServlet?param=ODA0ODE5Ng==
1935906,17/10/2018,2058915,07/06/2018,M,3,null,null,null,null,null,153-773,KR,REPUBLICA DE COREA,3,http://siga.impi.gob.mx/ImagenFichaServlet?param=ODA0ODE5Nw==
1935907,17/10/2018,2060370,11/06/2018,ADMASTER PANELES,1,null,null,null,null,null,66269,MX,MEXICO,3,http://siga.impi.gob.mx/ImagenFichaServlet?param=ODA0ODE5OA==
1935908,17/10/2018,2060372,11/06/2018,CREST BLANCO SONORA,1,null,null,null,null,null,66269,MX,MEXICO,3,http://siga.impi.gob.mx/ImagenFichaServlet?param=ODA0ODE5OQ==
1935909,17/10/2018,2060378,11/06/2018,PULQUETINA,30,null,null,null,null,null,56580,MX,MEXICO,3,http://siga.impi.gob.mx/ImagenFichaServlet?param=ODA0ODIwMA==
1935910,17/10/2018,2060381,11/06/2018,SHIRT CENTRAL SIEMPRE AHORRAS Y GANAS,35,null,null,null,null,null,01180,MX,MEXICO,3,http://siga.impi.gob.mx/ImagenFichaServlet?param=ODA0ODIwMQ==
1935911,17/10/2018,2060385,11/06/2018,MEXICO 1492,21,null,null,null,null,null,06700,MX,MEXICO,3,http://siga.impi.gob.mx/ImagenFichaServlet?param=ODA0ODIwMg==
1935912,17/10/2018,2060401,11/06/2018,ANTOGA BY GLORIANA,25,null,null,null,null,null,01900,MX,MEXICO,3,http://siga.impi.gob.mx/ImagenFichaServlet?param=ODA0ODIwMw==
1935913,17/10/2018,2060407,11/06/2018,D.I. DENTAL & IMPLANT STUDIO,44,null,null,null,null,null,11550,MX,MEXICO,1,null
1935914,17/10/2018,2060412,11/06/2018,SIVUPLÉ,45,null,null,null,null,null,06140,MX,MEXICO,1,null
1935915,17/10/2018,2060448,11/06/2018,IOMPAR EXPRESS CARGO,39,null,null,null,null,null,52100,MX,MEXICO,3,http://siga.impi.gob.mx/ImagenFichaServlet?param=ODA0ODIwNg==
1935916,17/10/2018,2060450,11/06/2018,NRH SOLUCIONES INTEGRALES,35,null,null,null,null,null,07950,MX,MEXICO,3,http://siga.impi.gob.mx/ImagenFichaServlet?param=ODA0ODIwNw==
1935917,17/10/2018,2060457,11/06/2018,BIKEVAL,12,null,null,null,null,null,04200,MX,MEXICO,3,http://siga.impi.gob.mx/ImagenFichaServlet?param=ODA0ODIwOA==
1935918,17/10/2018,2060470,11/06/2018,SKOLABLE,9,null,null,null,null,null,11570,MX,MEXICO,1,null
1935919,17/10/2018,2060472,11/06/2018,SKOLABLE,42,null,null,null,null,null,11570,MX,MEXICO,1,null
1935920,17/10/2018,2060473,11/06/2018,KN REWARDS,41,null,null,null,null,null,11570,MX,MEXICO,1,null
1935921,17/10/2018,2060475,11/06/2018,KN  TOUCH,41,null,null,null,null,null,11570,MX,MEXICO,1,null
1936377,18/10/2018,1843952,19/01/2017,RUTA 21,39,null,null,null,null,null,45070,MX,MEXICO,3,http://siga.impi.gob.mx/ImagenFichaServlet?param=ODA0ODIxMw==
1936378,18/10/2018,2046092,04/05/2018,ENIO,25,null,null,null,null,null,72828,MX,MEXICO,3,http://siga.impi.gob.mx/ImagenFichaServlet?param=ODA0ODIxNA==
1936379,18/10/2018,2047422,14/05/2018,DIONE,18,null,null,null,null,null,45134,MX,MEXICO,1,null
1936380,18/10/2018,2047426,14/05/2018,DIONE,35,null,null,null,null,null,45134,MX,MEXICO,1,null
1936381,18/10/2018,2047430,14/05/2018,DIONE,25,null,null,null,null,null,45134,MX,MEXICO,1,null
1936382,18/10/2018,2047549,14/05/2018,TROYANOS PREMIER MÉXICO,34,null,null,null,null,null,72150,KR,MEXICO,3,http://siga.impi.gob.mx/ImagenFichaServlet?param=ODA0ODIxOA==
1936383,18/10/2018,2049053,17/05/2018,ESCUDERIA MORAM,41,null,null,null,null,null,03100,MX,MEXICO,3,http://siga.impi.gob.mx/ImagenFichaServlet?param=ODA0ODIxOQ==
1936384,18/10/2018,2050629,21/05/2018,FOSUR,5,null,null,null,null,null,01040,MX,MEXICO,1,null
1936385,18/10/2018,2050638,21/05/2018,XELTRES,5,null,null,null,null,null,01040,MX,MEXICO,1,null
1936386,18/10/2018,2050672,21/05/2018,NOKU,5,null,null,null,null,null,01040,MX,MEXICO,1,null
1936387,18/10/2018,2064501,20/06/2018,GURÚ DE VIAJE,16,null,null,null,null,null,45089,MX,MEXICO,3,http://siga.impi.gob.mx/ImagenFichaServlet?param=ODA0ODIyMw==
1936388,18/10/2018,2064509,20/06/2018,FW RACING,11,null,null,null,null,null,47849,MX,MEXICO,3,http://siga.impi.gob.mx/ImagenFichaServlet?param=ODA0ODIyNA==
1936389,18/10/2018,2069744,04/07/2018,MH,35,null,null,null,null,null,44690,MX,MEXICO,3,http://siga.impi.gob.mx/ImagenFichaServlet?param=ODA0ODIyNQ==
1936390,18/10/2018,2080879,27/07/2018,NW,28,null,null,null,null,null,19803,US,ESTADOS UNIDOS DE AMERICA,3,http://siga.impi.gob.mx/ImagenFichaServlet?param=ODA0ODIyNg==
1936391,18/10/2018,2080883,27/07/2018,NW,45,null,null,null,null,null,19803,US,ESTADOS UNIDOS DE AMERICA,3,http://siga.impi.gob.mx/ImagenFichaServlet?param=ODA0ODIyNw==
1936392,18/10/2018,2080884,27/07/2018,NEW WORLD,9,null,null,null,null,null,19803,US,ESTADOS UNIDOS DE AMERICA,3,http://siga.impi.gob.mx/ImagenFichaServlet?param=ODA0ODIyOA==
1936393,18/10/2018,2080886,27/07/2018,NEW WORLD,28,null,null,null,null,null,19803,US,ESTADOS UNIDOS DE AMERICA,3,http://siga.impi.gob.mx/ImagenFichaServlet?param=ODA0ODIyOQ==
1936394,18/10/2018,2080887,27/07/2018,NEW WORLD,41,null,null,null,null,null,19803,US,ESTADOS UNIDOS DE AMERICA,3,http://siga.impi.gob.mx/ImagenFichaServlet?param=ODA0ODIzMA==
1936395,18/10/2018,2080889,27/07/2018,NEW WORLD,45,null,null,null,null,null,19803,US,ESTADOS UNIDOS DE AMERICA,3,http://siga.impi.gob.mx/ImagenFichaServlet?param=ODA0ODIzMQ==
1936396,18/10/2018,2080896,27/07/2018,NAYELÉ,3,null,null,null,null,null,03104,MX,MEXICO,3,http://siga.impi.gob.mx/ImagenFichaServlet?param=ODA0ODIzMg==
1936397,18/10/2018,2080903,27/07/2018,EMPOWERMENT LEGACY,41,null,null,null,null,null,52957,MX,MEXICO,3,http://siga.impi.gob.mx/ImagenFichaServlet?param=ODA0ODIzMw==
1936398,18/10/2018,2080907,27/07/2018,EMPOWERMENT TRADE,36,null,null,null,null,null,52957,MX,MEXICO,3,http://siga.impi.gob.mx/ImagenFichaServlet?param=ODA0ODIzNA==
1936399,18/10/2018,2080908,27/07/2018,AITANA,45,null,null,null,null,null,01780,MX,MEXICO,3,http://siga.impi.gob.mx/ImagenFichaServlet?param=ODA0ODIzNQ==
1936400,18/10/2018,2080941,27/07/2018,LORD BARB ON,3,null,null,null,null,null,07810,MX,MEXICO,3,http://siga.impi.gob.mx/ImagenFichaServlet?param=ODA0ODIzNg==
1936401,18/10/2018,2080945,27/07/2018,LEARNWAY,42,null,null,null,null,null,03303,MX,MEXICO,3,http://siga.impi.gob.mx/ImagenFichaServlet?param=ODA0ODIzNw==
1936402,18/10/2018,2080947,27/07/2018,LEARNWAY,9,null,null,null,null,null,03303,MX,MEXICO,3,http://siga.impi.gob.mx/ImagenFichaServlet?param=ODA0ODIzOA==
1936403,18/10/2018,2080953,27/07/2018,FARMACIAS MAGISTRALES DE MEXICO,40,null,null,null,null,null,14420,MX,MEXICO,3,http://siga.impi.gob.mx/ImagenFichaServlet?param=ODA0ODIzOQ==
1936404,18/10/2018,2080954,27/07/2018,FANGHEALT & MOND PHARMA,5,null,null,null,null,null,14420,MX,MEXICO,3,http://siga.impi.gob.mx/ImagenFichaServlet?param=ODA0ODI0MA==
1936405,18/10/2018,2080955,27/07/2018,FANGHEALT & MOND PHARMA,3,null,null,null,null,null,14420,MX,MEXICO,3,http://siga.impi.gob.mx/ImagenFichaServlet?param=ODA0ODI0MQ==
1936406,18/10/2018,2080956,27/07/2018,FANGHEALT & MOND PHARMA,40,null,null,null,null,null,14420,MX,MEXICO,3,http://siga.impi.gob.mx/ImagenFichaServlet?param=ODA0ODI0Mg==
1936407,18/10/2018,2081050,27/07/2018,SKIPPER,1,null,null,null,null,null,45070,MX,MEXICO,1,null
1936408,18/10/2018,2081441,30/07/2018,ICARDS SOLUTIONS,9,null,null,null,null,null,42884,MX,MEXICO,1,null
1936409,18/10/2018,2081564,30/07/2018,ALNA,3,null,null,null,null,null,50453,MX,MEXICO,3,http://siga.impi.gob.mx/ImagenFichaServlet?param=ODA0ODI0NQ==
1936410,18/10/2018,2081568,30/07/2018,INTEL ARRIA,9,null,null,null,null,null,95052,US,ESTADOS UNIDOS DE AMERICA,1,null
1936411,18/10/2018,2081575,30/07/2018,GRAVITY DUAL,20,null,null,null,null,null,52000,MX,MEXICO,3,http://siga.impi.gob.mx/ImagenFichaServlet?param=ODA0ODI0Nw==
1936412,18/10/2018,2081581,30/07/2018,ATAÚDES MICTLÁN,20,null,null,null,null,null,42950,MX,MEXICO,3,http://siga.impi.gob.mx/ImagenFichaServlet?param=ODA0ODI0OA==
1936413,18/10/2018,2081596,30/07/2018,CENT 111 ONZE,25,null,null,null,null,null,14049,MX,MEXICO,1,null
1936414,18/10/2018,2081619,30/07/2018,VIRAGTURE,5,null,null,null,null,null,CH-4002,CH,SUIZA,1,null
1936415,18/10/2018,2081620,30/07/2018,ROCKETRIBBON,9,null,null,null,null,null,28601,US,ESTADOS UNIDOS DE AMERICA,1,null
1936416,18/10/2018,2081621,30/07/2018,LAS BOLEADORAS,43,null,null,null,null,null,08400,MX,MEXICO,3,http://siga.impi.gob.mx/ImagenFichaServlet?param=ODA0ODI1Mg==
1936417,18/10/2018,2081623,30/07/2018,REMULVIREX,5,null,null,null,null,null,CH-4002,CH,SUIZA,1,null
1936418,18/10/2018,2081624,30/07/2018,TRIVALTOR,5,null,null,null,null,null,CH-4002,CH,SUIZA,1,null
1936977,19/10/2018,1963865,22/05/2018,PERENNE MÉXICO,21,null,null,null,null,null,54080,MX,MEXICO,3,http://siga.impi.gob.mx/ImagenFichaServlet?param=ODA0ODI1NQ==
1936990,19/10/2018,2016124,01/03/2018,M.A.S. YOGA,9,null,null,null,null,null,64637,MX,MEXICO,3,http://siga.impi.gob.mx/ImagenFichaServlet?param=ODA0ODI1Ng==
1936991,19/10/2018,2018003,05/03/2018,LOS CORSALES,30,null,null,null,null,null,66620,MX,MEXICO,3,http://siga.impi.gob.mx/ImagenFichaServlet?param=ODA0ODI1Nw==
1936992,19/10/2018,2018571,06/03/2018,TASTYCO. DULCE COMPAÑÍA,29,null,null,null,null,null,72160,MX,MEXICO,3,http://siga.impi.gob.mx/ImagenFichaServlet?param=ODA0ODI1OA==
1936993,19/10/2018,2024135,13/03/2018,STEPHANIE JERÓNIMO,25,null,null,null,null,null,68050,MX,MEXICO,3,http://siga.impi.gob.mx/ImagenFichaServlet?param=ODA0ODI1OQ==
1936994,19/10/2018,2025516,22/03/2018,FRIZZ,32,null,null,null,null,null,64190,MX,MEXICO,3,http://siga.impi.gob.mx/ImagenFichaServlet?param=ODA0ODI2MA==
1936995,19/10/2018,2025556,22/03/2018,AF LEATHER,35,null,null,null,null,null,37443,MX,MEXICO,3,http://siga.impi.gob.mx/ImagenFichaServlet?param=ODA0ODI2MQ==
1936996,19/10/2018,2035413,23/03/2018,OMBLIGUITOS YOGA,9,null,null,null,null,null,28060,MX,MEXICO,3,http://siga.impi.gob.mx/ImagenFichaServlet?param=ODA0ODI2Mg==
1937007,19/10/2018,2045753,10/05/2018,VITA DEL SOL,35,null,null,null,null,null,45030,MX,MEXICO,1,null
1937008,19/10/2018,2045754,10/05/2018,VITA DOS ONCE,35,null,null,null,null,null,45030,MX,MEXICO,1,null
1937030,19/10/2018,2052091,15/05/2018,ANTIDOPING,43,null,null,null,null,null,11560,MX,MEXICO,3,http://siga.impi.gob.mx/ImagenFichaServlet?param=ODA0ODI2NQ==
1937034,19/10/2018,2059703,08/06/2018,5INVCOME,36,null,null,null,null,null,72230,MX,MEXICO,3,http://siga.impi.gob.mx/ImagenFichaServlet?param=ODA0ODI2Ng==
1937035,19/10/2018,2061378,13/06/2018,400AV,35,null,null,null,null,null,72570,MX,MEXICO,3,http://siga.impi.gob.mx/ImagenFichaServlet?param=ODA0ODI2Nw==
1937036,19/10/2018,2061448,13/06/2018,S SPECIAL BOXES,35,null,null,null,null,null,72150,MX,MEXICO,3,http://siga.impi.gob.mx/ImagenFichaServlet?param=ODA0ODI2OA==
1937037,19/10/2018,2061449,13/06/2018,IMPRIMARKET,40,null,null,null,null,null,44150,MX,MEXICO,3,http://siga.impi.gob.mx/ImagenFichaServlet?param=ODA0ODI2OQ==
1937038,19/10/2018,2061466,13/06/2018,EIRE,40,null,null,null,null,null,91423,MX,ESTADOS UNIDOS DE AMERICA,3,http://siga.impi.gob.mx/ImagenFichaServlet?param=ODA0ODI3MA==
1937039,19/10/2018,2061474,13/06/2018,EIRE,35,null,null,null,null,null,91423,MX,ESTADOS UNIDOS DE AMERICA,3,http://siga.impi.gob.mx/ImagenFichaServlet?param=ODA0ODI3MQ==
1937040,19/10/2018,2061491,13/06/2018,DRAMA LIGHTS,41,null,null,null,null,null,45128,MX,MEXICO,3,http://siga.impi.gob.mx/ImagenFichaServlet?param=ODA0ODI3Mg==
1937041,19/10/2018,2061493,13/06/2018,DRAMA LIGHTS,35,null,null,null,null,null,45128,MX,MEXICO,3,http://siga.impi.gob.mx/ImagenFichaServlet?param=ODA0ODI3Mw==
1937042,19/10/2018,2061706,14/06/2018,IGLÚ,36,null,null,null,null,null,66647,MX,MEXICO,3,http://siga.impi.gob.mx/ImagenFichaServlet?param=ODA0ODI3NA==
1937043,19/10/2018,2061846,14/06/2018,TATAMI,42,null,null,null,null,null,45086,MX,MEXICO,3,http://siga.impi.gob.mx/ImagenFichaServlet?param=ODA0ODI3NQ==
1937044,19/10/2018,2062906,15/06/2018,TIERRA DE ÁNGELES,18,null,null,null,null,null,72000,MX,MEXICO,3,http://siga.impi.gob.mx/ImagenFichaServlet?param=ODA0ODI3Ng==
1937045,19/10/2018,2062915,15/06/2018,HELLO STUDIOS,25,null,null,null,null,null,47180,MX,MEXICO,3,http://siga.impi.gob.mx/ImagenFichaServlet?param=ODA0ODI3Nw==
1937046,19/10/2018,2062916,15/06/2018,RATTAN GUADALAJARA,20,null,null,null,null,null,45235,MX,MEXICO,3,http://siga.impi.gob.mx/ImagenFichaServlet?param=ODA0ODI3OA==
1937047,19/10/2018,2063082,15/06/2018,TOPA,38,null,null,null,null,null,44690,MX,MEXICO,3,http://siga.impi.gob.mx/ImagenFichaServlet?param=ODA0ODI3OQ==
1937048,19/10/2018,2065864,22/06/2018,INDUSTRIAS LRH,37,null,null,null,null,null,44690,MX,MEXICO,3,http://siga.impi.gob.mx/ImagenFichaServlet?param=ODA0ODI4MA==
1937049,19/10/2018,2066518,25/06/2018,PAYTRADY,36,null,null,null,null,null,45079,MX,MEXICO,3,http://siga.impi.gob.mx/ImagenFichaServlet?param=ODA0ODI4MQ==
1937071,19/10/2018,2074557,13/07/2018,TRIBET,30,null,null,null,null,null,56860,MX,MEXICO,3,http://siga.impi.gob.mx/ImagenFichaServlet?param=ODA0ODI4Mg==
1937072,19/10/2018,2074593,13/07/2018,GRANJA ALEGRE,29,null,null,null,null,null,11000,MX,MEXICO,1,null
1937073,19/10/2018,2074649,13/07/2018,MYKIA PLUS,42,null,null,null,null,null,null,KR,REPUBLICA DE COREA,1,null
1937074,19/10/2018,2076801,19/07/2018,KIWI,27,null,null,null,null,null,45150,MX,MEXICO,3,http://siga.impi.gob.mx/ImagenFichaServlet?param=ODA0ODI4NQ==
1937075,19/10/2018,2076802,19/07/2018,UNIDAS CONTIGO,41,null,null,null,null,null,64710,MX,MEXICO,3,http://siga.impi.gob.mx/ImagenFichaServlet?param=ODA0ODI4Ng==
1937076,19/10/2018,2076804,19/07/2018,UNIDAS CONTIGO,45,null,null,null,null,null,64710,MX,MEXICO,3,http://siga.impi.gob.mx/ImagenFichaServlet?param=ODA0ODI4Nw==
1937081,19/10/2018,2079662,26/07/2018,MESADA,36,null,null,null,null,null,11550,MX,MEXICO,1,null
1937082,19/10/2018,2079701,26/07/2018,PASTOR CHILANGO,43,null,null,null,null,null,04800,MX,MEXICO,3,http://siga.impi.gob.mx/ImagenFichaServlet?param=ODA0ODI4OQ==
1937084,19/10/2018,2079707,26/07/2018,CORRO A LA MEXICANA,41,null,null,null,null,null,76048,MX,MEXICO,1,null
1937085,19/10/2018,2079751,26/07/2018,M MEAN CALISTHENICS & FITNESS,41,null,null,null,null,null,78240,MX,MEXICO,3,http://siga.impi.gob.mx/ImagenFichaServlet?param=ODA0ODI5MQ==
1937087,19/10/2018,2079761,13/07/2018,HM INDUSTRIALES EN SOLDADURA,6,null,null,null,null,null,76700,MX,MEXICO,3,http://siga.impi.gob.mx/ImagenFichaServlet?param=ODA0ODI5Mg==
1937088,19/10/2018,2079774,26/07/2018,CAMPO SELECTO,31,null,null,null,null,null,03100,MX,MEXICO,3,http://siga.impi.gob.mx/ImagenFichaServlet?param=ODA0ODI5Mw==
1937089,19/10/2018,2079780,26/07/2018,CAMPO SELECTO,30,null,null,null,null,null,03100,MX,MEXICO,3,http://siga.impi.gob.mx/ImagenFichaServlet?param=ODA0ODI5NA==
1937090,19/10/2018,2079786,17/07/2018,REYNA CATALINA,43,null,null,null,null,null,78294,MX,MEXICO,3,http://siga.impi.gob.mx/ImagenFichaServlet?param=ODA0ODI5NQ==
1937092,19/10/2018,2079791,26/07/2018,MADNESS PRODUCCIÓN Y LOGÍSTICA DE EVENTOS,41,null,null,null,null,null,52764,MX,MEXICO,3,http://siga.impi.gob.mx/ImagenFichaServlet?param=ODA0ODI5Ng==
1937093,19/10/2018,2079803,26/07/2018,FÁTIMA CAMPO,9,null,null,null,null,null,67190,MX,MEXICO,3,http://siga.impi.gob.mx/ImagenFichaServlet?param=ODA0ODI5Nw==
1937094,19/10/2018,2079815,26/07/2018,19:49,25,null,null,null,null,null,07207,MX,MEXICO,3,http://siga.impi.gob.mx/ImagenFichaServlet?param=ODA0ODI5OA==
1937095,19/10/2018,2079817,26/07/2018,COURASH,35,null,null,null,null,null,55240,MX,MEXICO,3,http://siga.impi.gob.mx/ImagenFichaServlet?param=ODA0ODI5OQ==
1937096,19/10/2018,2079820,26/07/2018,EL 24 MARISCOS DEL PACÍFICO,43,null,null,null,null,null,55765,MX,MEXICO,3,http://siga.impi.gob.mx/ImagenFichaServlet?param=ODA0ODMwMA==
1937097,19/10/2018,2079837,13/07/2018,SUPERLAC,29,null,null,null,null,null,98330,MX,MEXICO,3,http://siga.impi.gob.mx/ImagenFichaServlet?param=ODA0ODMwMQ==
1937121,19/10/2018,2080112,26/07/2018,AGROWARE,42,null,null,null,null,null,97070,MX,MEXICO,3,http://siga.impi.gob.mx/ImagenFichaServlet?param=ODA0ODMwMg==
1937122,19/10/2018,2080121,26/07/2018,MAKLEN NETWORK MARKETING,35,null,null,null,null,null,45019,MX,MEXICO,1,null
1937123,19/10/2018,2080136,26/07/2018,KARENUTRI,44,null,null,null,null,null,72760,MX,MEXICO,3,http://siga.impi.gob.mx/ImagenFichaServlet?param=ODA0ODMwNA==
1937124,19/10/2018,2081674,30/07/2018,TRIFENNIX TRIATLÓN,41,null,null,null,null,null,37123,MX,MEXICO,3,http://siga.impi.gob.mx/ImagenFichaServlet?param=ODA0ODMwNQ==
1937125,19/10/2018,2081676,30/07/2018,SHOP PINK MX,35,null,null,null,null,null,45040,MX,MEXICO,3,http://siga.impi.gob.mx/ImagenFichaServlet?param=ODA0ODMwNg==
1937126,19/10/2018,2081682,30/07/2018,BRAIN FIT,44,null,null,null,null,null,44690,MX,MEXICO,3,http://siga.impi.gob.mx/ImagenFichaServlet?param=ODA0ODMwNw==
1937127,19/10/2018,2081683,30/07/2018,BRAIN FIT,9,null,null,null,null,null,44690,MX,MEXICO,3,http://siga.impi.gob.mx/ImagenFichaServlet?param=ODA0ODMwOA==
1937128,19/10/2018,2081684,30/07/2018,BRAIN FIT,41,null,null,null,null,null,44690,MX,MEXICO,3,http://siga.impi.gob.mx/ImagenFichaServlet?param=ODA0ODMwOQ==
1937129,19/10/2018,2081686,30/07/2018,COMOPLAST,1,null,null,null,null,null,58200,MX,MEXICO,3,http://siga.impi.gob.mx/ImagenFichaServlet?param=ODA0ODMxMA==
1937130,19/10/2018,2081978,31/07/2018,null,18,null,null,null,null,null,37295,MX,MEXICO,2,http://siga.impi.gob.mx/ImagenFichaServlet?param=ODA0ODMxMQ==
1937131,19/10/2018,2081985,31/07/2018,ARMEBA,35,null,null,null,null,null,55736,MX,MEXICO,3,http://siga.impi.gob.mx/ImagenFichaServlet?param=ODA0ODMxMg==
1937132,19/10/2018,2081986,31/07/2018,PAPER POP IDEAS POPPIN´,35,null,null,null,null,null,37550,MX,MEXICO,3,http://siga.impi.gob.mx/ImagenFichaServlet?param=ODA0ODMxMw==
1937133,19/10/2018,2082148,31/07/2018,BRCO BY GBROS,3,null,null,null,null,null,64102,MX,MEXICO,3,http://siga.impi.gob.mx/ImagenFichaServlet?param=ODA0ODMxNA==
1937134,19/10/2018,2082360,13/07/2018,MANAMAR,29,null,null,null,null,null,34204,MX,MEXICO,3,http://siga.impi.gob.mx/ImagenFichaServlet?param=ODA0ODMxNQ==
1937135,19/10/2018,2082365,26/07/2018,AL CHILAQUIL! MX,43,null,null,null,null,null,34100,MX,MEXICO,3,http://siga.impi.gob.mx/ImagenFichaServlet?param=ODA0ODMxNg==
1937136,19/10/2018,2082468,25/07/2018,SIHUAMIS TIKIPANULO IN LALI,21,null,null,null,null,null,60870,MX,MEXICO,3,http://siga.impi.gob.mx/ImagenFichaServlet?param=ODA0ODMxNw==
1937137,19/10/2018,2082477,19/07/2018,CAMACHO BARBER SHOP,44,null,null,null,null,null,81229,MX,MEXICO,3,http://siga.impi.gob.mx/ImagenFichaServlet?param=ODA0ODMxOA==
1937138,19/10/2018,2082478,24/07/2018,TEACHER MARY,41,null,null,null,null,null,81000,MX,MEXICO,3,http://siga.impi.gob.mx/ImagenFichaServlet?param=ODA0ODMxOQ==
1937139,19/10/2018,2082500,26/07/2018,FUMI-PLUS,1,null,null,null,null,null,80396,MX,MEXICO,3,http://siga.impi.gob.mx/ImagenFichaServlet?param=ODA0ODMyMA==
1937140,19/10/2018,2082501,13/07/2018,FIESTA BRANDS,16,null,null,null,null,null,80060,MX,MEXICO,3,http://siga.impi.gob.mx/ImagenFichaServlet?param=ODA0ODMyMQ==
1937141,19/10/2018,2082502,13/07/2018,8 ALPHA,5,null,null,null,null,null,80029,MX,MEXICO,3,http://siga.impi.gob.mx/ImagenFichaServlet?param=ODA0ODMyMg==
1937142,19/10/2018,2082503,13/07/2018,ML COCINAS,40,null,null,null,null,null,80190,MX,MEXICO,3,http://siga.impi.gob.mx/ImagenFichaServlet?param=ODA0ODMyMw==
1937143,19/10/2018,2082504,13/07/2018,MIA MODULAR INTERACTIVO,41,null,null,null,null,null,80030,MX,MEXICO,3,http://siga.impi.gob.mx/ImagenFichaServlet?param=ODA0ODMyNA==
1937144,19/10/2018,2082508,13/07/2018,V.L1M,3,null,null,null,null,null,80247,MX,MEXICO,3,http://siga.impi.gob.mx/ImagenFichaServlet?param=ODA0ODMyNQ==
1937145,19/10/2018,2082510,18/07/2018,DRENATRON,37,null,null,null,null,null,80170,MX,MEXICO,3,http://siga.impi.gob.mx/ImagenFichaServlet?param=ODA0ODMyNg==
1937146,19/10/2018,2082512,20/07/2018,SE.SOLAR,37,null,null,null,null,null,80177,MX,MEXICO,3,http://siga.impi.gob.mx/ImagenFichaServlet?param=ODA0ODMyNw==
1937147,19/10/2018,2082516,24/07/2018,ETEBAT,25,null,null,null,null,null,80230,MX,MEXICO,3,http://siga.impi.gob.mx/ImagenFichaServlet?param=ODA0ODMyOA==
1937656,22/10/2018,1804905,06/10/2016,LA CITTADINA,43,null,null,null,null,null,64920,MX,MEXICO,3,http://siga.impi.gob.mx/ImagenFichaServlet?param=ODA0ODMyOQ==
1937657,22/10/2018,1946408,13/09/2017,F/CERO,16,null,null,null,null,null,04100,MX,MEXICO,3,http://siga.impi.gob.mx/ImagenFichaServlet?param=ODA0ODMzMA==
1937658,22/10/2018,1365877,17/04/2013,DORET,35,null,null,null,null,null,08400,MX,MEXICO,1,null
1937659,22/10/2018,1845765,25/01/2017,BLACK MAMBA PERFORMANCE,35,null,null,null,null,null,44460,MX,MEXICO,1,null
1937660,22/10/2018,1859212,28/02/2017,BLACK MAMBA PERFORMANCE,35,null,null,null,null,null,44460,MX,MEXICO,3,http://siga.impi.gob.mx/ImagenFichaServlet?param=ODA0ODMzMw==
1937661,22/10/2018,1859214,28/02/2017,BLACK MAMBA PERFORMANCE,7,null,null,null,null,null,44460,MX,MEXICO,3,http://siga.impi.gob.mx/ImagenFichaServlet?param=ODA0ODMzNA==
1937662,22/10/2018,1859222,28/02/2017,BLACK MAMBA PERFORMANCE,35,null,null,null,null,null,44460,MX,MEXICO,3,http://siga.impi.gob.mx/ImagenFichaServlet?param=ODA0ODMzNQ==
1937663,22/10/2018,1859224,28/02/2017,BLACK MAMBA PERFORMANCE,7,null,null,null,null,null,44460,MX,MEXICO,3,http://siga.impi.gob.mx/ImagenFichaServlet?param=ODA0ODMzNg==
1937664,22/10/2018,1863830,10/03/2017,MARIA MERAYO,41,null,null,null,null,null,08100,MX,MEXICO,3,http://siga.impi.gob.mx/ImagenFichaServlet?param=ODA0ODMzNw==
1937665,22/10/2018,1924579,28/07/2017,TAPATIOS SOCCER FC,41,null,null,null,null,null,44130,MX,MEXICO,3,http://siga.impi.gob.mx/ImagenFichaServlet?param=ODA0ODMzOA==
1937666,22/10/2018,1947214,14/09/2017,TRAVELERS,36,null,null,null,null,null,06183,US,ESTADOS UNIDOS DE AMERICA,3,http://siga.impi.gob.mx/ImagenFichaServlet?param=ODA0ODMzOQ==
1937682,22/10/2018,2038153,20/04/2018,TRIBUTE PORTFOLIO HOMES,43,null,null,null,null,null,06902,US,ESTADOS UNIDOS DE AMERICA,1,null
1938289,22/10/2018,2009161,14/02/2018,URBANA,35,null,null,null,null,null,64700,MX,MEXICO,3,http://siga.impi.gob.mx/ImagenFichaServlet?param=ODA0ODM0MQ==
1938290,22/10/2018,2009777,15/02/2018,ADVY,9,null,null,null,null,null,11529,MX,MEXICO,3,http://siga.impi.gob.mx/ImagenFichaServlet?param=ODA0ODM0Mg==
,11/10/2018,121715,17/07/2018,IGUAL... NINGUNO!,41,null,null,null,null,null,11560,MX,MEXICO,1,
,11/10/2018,121720,17/07/2018,EL DOMADOR DE LA TROTTE,33,null,null,null,null,null,56530,MX,MEXICO,1,
,11/10/2018,121721,17/07/2018,THE DIABLO NAKED BY NAKED DIABLO LIMITED,33,null,null,null,null,null,M2 5WA,GB,REINO UNIDO,1,
,17/10/2018,121650,12/07/2018,EL PLACER DE TUS SENTIDOS,35,null,null,null,null,null,15970,MX,MEXICO,1,
,17/10/2018,121660,12/07/2018,¿COMO ANDAMIOS? PUES ANDAMIOS MONTERREY!,35,null,null,null,null,null,64299,MX,MEXICO,1,
,17/10/2018,121661,12/07/2018,ALCANZA TU NIVEL CON ANDAMIOS MONTERREY,35,null,null,null,null,null,64299,MX,MEXICO,1,
,19/10/2018,113183,28/06/2017,MÉXICO SE VISTE CON EL TRI,41,null,null,null,null,null,11529,MX,MEXICO,1,
,19/10/2018,113186,28/06/2017,NOS VESTIMOS CON EL TRI,41,null,null,null,null,null,11529,MX,MEXICO,1,
,19/10/2018,113223,29/06/2017,HOY JUEGA EL TRI,41,null,null,null,null,null,54766,MX,MEXICO,1,
,19/10/2018,117931,31/01/2018,ZAZOS... POR EL TRI!,35,null,null,null,null,null,11529,MX,MEXICO,1,
